{
  "('PULASKI BRIDGE', 'Newtown Creek Shoreline', 'Dead end')": [
    [
      -73.95252157233777,
      40.7392830527809
    ],
    [
      -73.95259277233777,
      40.7392118527809
    ]
  ],
  "('61 ST', '15 AV', '16 AV')": [
    [
      -73.99460897679309,
      40.62540244601745
    ],
    [
      -73.9946057767931,
      40.625405646017455
    ]
  ],
  "('PARSONS BLVD', 'VILLAGE RD', 'GOETHALS AV')": [
    [
      -73.80842397600793,
      40.717841754335225
    ],
    [
      -73.80835257600793,
      40.71791315433523
    ]
  ],
  "('PARK AVENUE', 'Astoria Line', 'East 61 Street')": [
    [
      -73.96920274508774,
      40.763907171691265
    ],
    [
      -73.96925874508774,
      40.763851171691265
    ]
  ],
  "('S/B 12 AVE @ 70 ST', '70 ST', 'BAY RIDGE AV')": [
    [
      -74.00638703049682,
      40.624752977595264
    ],
    [
      -74.00629983049683,
      40.62484017759527
    ]
  ],
  "('MANHATTAN BRIDGE', 'Dead End', 'Dead end')": [
    [
      -73.99069411857857,
      40.70738379497994
    ],
    [
      -73.99065851857857,
      40.70741939497994
    ]
  ],
  "('GREENPOINT AVE BET MOULTRIE & HUMBOLDT STS', 'MOULTRIE ST', 'HUMBOLDT ST')": [
    [
      -73.94714798956979,
      40.731154247492654
    ],
    [
      -73.94709398956978,
      40.73120824749265
    ]
  ],
  "('73 PLACE', 'Central Avenue', 'Dead end')": [
    [
      -73.87669938618531,
      40.70549108159505
    ],
    [
      -73.87678458618531,
      40.70540588159505
    ]
  ],
  "('DYCKMAN STREET', 'Sherman Avenue', 'Vermilyea Avenue')": [
    [
      -73.92638234119812,
      40.86415384921255
    ],
    [
      -73.92633514119812,
      40.86420104921255
    ]
  ],
  "('E/B JEWEL AVE @ VAN WYCK EXPWY', 'BODY OF WATER', 'VAN WYCK EXPRESSWAY')": [
    [
      -73.83307480087791,
      40.72784142881612
    ],
    [
      -73.83298380087791,
      40.72793242881612
    ]
  ],
  "('PAGE PL', 'MASPETH AV', 'GRAND AV')": [
    [
      -73.91744191860035,
      40.719424348445074
    ],
    [
      -73.91738051860034,
      40.719485748445074
    ]
  ],
  "('NEW UTRECHT AVENUE', '72 Street', '16 Avenue')": [
    [
      -73.99933325474848,
      40.617957964392716
    ],
    [
      -73.99933265474847,
      40.617958564392715
    ]
  ],
  "('LINDEN BOULEVARD', 'Snediker Avenue', 'Hinsdale Street')": [
    [
      -73.89737235128493,
      40.65746387406464
    ],
    [
      -73.89730075128493,
      40.65753547406464
    ]
  ],
  "('BORDEN AVENUE', '30 Place', '30 Street')": [
    [
      -73.93820763869307,
      40.73830813784581
    ],
    [
      -73.93829963869307,
      40.73821613784581
    ]
  ],
  "('47 AVENUE', '33 Street', '34 Street')": [
    [
      -73.9315995748684,
      40.74260253401443
    ],
    [
      -73.9315031748684,
      40.74269893401443
    ]
  ],
  "('11 STREET', '47 AVENUE', '47 ROAD')": [
    [
      -73.9509413613324,
      40.74469277240368
    ],
    [
      -73.9510171613324,
      40.74461697240368
    ]
  ],
  "('FLATBUSH AVENUE', 'Atlantic Avenue', 'Eastern Parkway Line')": [
    [
      -73.97713775621904,
      40.68361587083987
    ],
    [
      -73.97723595621903,
      40.683517670839876
    ]
  ],
  "('MADISON AVENUE BRIDGE', 'Harlem River Shoreline', 'Harlem River Shoreline')": [
    [
      -73.93315495419694,
      40.81408110434419
    ],
    [
      -73.93316115419694,
      40.81407490434419
    ]
  ],
  "('MAC DOUGAL ST', 'SARATOGA AV', 'HOPKINSON AV')": [
    [
      -73.91521168023746,
      40.6797866351808
    ],
    [
      -73.91512028023746,
      40.6798780351808
    ]
  ],
  "('MAC DOUGAL STREET', 'Thomas S Boyland Street', 'Saratoga Avenue')": [
    [
      -73.91639415694183,
      40.67965386352691
    ],
    [
      -73.91636255694183,
      40.67968546352691
    ]
  ],
  "('ROOSEVELT AVENUE BRIDGE', 'Flushing Line', 'Flushing Line')": [
    [
      -73.83871918359317,
      40.75700526849835
    ],
    [
      -73.83862678359317,
      40.757097668498346
    ]
  ],
  "('GRAND ST BR', 'GARDNER AV', '47 ST')": [
    [
      -73.9228934324262,
      40.71643331988057
    ],
    [
      -73.92290823242621,
      40.71641851988057
    ]
  ],
  "('BORDEN AVENUE', 'Long Island Expwy Et 17 E-w Eb', 'Long Island Expwy Et 17 E-w Eb')": [
    [
      -73.92610704827364,
      40.73576744348856
    ],
    [
      -73.92606104827364,
      40.73581344348856
    ]
  ],
  "('BARRETTO STREET', 'Lafayette Avenue', 'Dead end')": [
    [
      -73.88993838255709,
      40.81675713040446
    ],
    [
      -73.8900299825571,
      40.816665530404464
    ]
  ],
  "('LINDEN BLVD', 'CROSS IS PKWY', 'CROSS IS PKWY')": [
    [
      -73.72674402434451,
      40.69069102633321
    ],
    [
      -73.72674362434451,
      40.69069142633321
    ]
  ],
  "('AMSTERDAM AVENUE', 'West 113 Street', 'West 112 Street')": [
    [
      -73.96275642814169,
      40.80449226434759
    ],
    [
      -73.96279642814169,
      40.80445226434759
    ]
  ],
  "('BEACH CHANNEL DRIVE', 'Hassock Street', 'Dead end')": [
    [
      -73.75353035901594,
      40.61024473167527
    ],
    [
      -73.75348595901595,
      40.61028913167527
    ]
  ],
  "('WESTCHESTER AV', 'LELAND AV', 'WHITE PLAINS RD')": [
    [
      -73.86318849777456,
      40.83284350724029
    ],
    [
      -73.86319729777456,
      40.83283470724029
    ]
  ],
  "('SEDGWICK AVENUE', 'Dead end', 'Hall Of Fame Terrace')": [
    [
      -73.91278695697271,
      40.859932728946056
    ],
    [
      -73.91271575697272,
      40.86000392894606
    ]
  ]
}